{"iter": 67, "total_loss": 0.9459858536720276, "SL_seg_Loss": 0.9102817475795746, "SL_SDM_loss": 0.1150595024228096, "consistency_weight": 0.006737946999085467, "consistency_loss": 0.17605581879615784, "_runtime": 188, "_timestamp": 1646234294, "_step": 66, "_wandb": {"runtime": 189}}