{"iter": 6000, "total_loss": 0.020511984825134277, "SL_seg_loss1": 0.020511984825134277, "_runtime": 8766, "_timestamp": 1642923803, "_step": 5999, "_wandb": {"runtime": 8771}}