{"iter": 4289, "total_loss": 0.17287397384643555, "SL_seg_Loss": 0.10717612877488136, "SL_SDM_loss": 0.025127489119768143, "SL_noise_seg_Loss": 0.10512605682015419, "consistency_weight": 0.6376281516217732, "consistency_loss": 0.00875261053442955, "consistency_noise_loss": 4.912018630420789e-05, "_runtime": 6423, "_timestamp": 1644914949, "_step": 4288, "_wandb": {"runtime": 6425}}