{"iter": 6000, "total_loss": 0.02577042579650879, "SL_seg_loss": 0.02577042579650879, "_runtime": 1806, "_timestamp": 1642946465, "_step": 5999, "_wandb": {"runtime": 1809}}