{"iter": 1, "total_loss": 1.3469209671020508, "SL_seg1_Loss": 1.3008177280426025, "SL_seg2_Loss": 1.3926808834075928, "consistency_weight": 0.006737946999085467, "consistency_loss": 0.0254704300314188, "_runtime": 19, "_timestamp": 1645413216, "_step": 0, "_wandb": {"runtime": 20}}