{"iter": 449, "total_loss": 0.3265034556388855, "SL_seg_loss1": 0.3265034556388855, "_runtime": 115, "_timestamp": 1642944566, "_step": 448, "_wandb": {"runtime": 117}}