{"iter": 6000, "total_loss": 0.09326396882534027, "SL_seg_Loss": 0.10558712482452393, "SL_SDM_loss": 0.054688747972249985, "consistency_weight": 0.9968798777302081, "consistency_loss": 0.008827381767332554, "_runtime": 8895, "_timestamp": 1643968725, "_step": 5999, "_wandb": {"runtime": 8897}}