{"iter": 6000, "total_loss": 0.03424811363220215, "SL_seg_loss": 0.03424811363220215, "_runtime": 1894, "_timestamp": 1642992214, "_step": 5999, "_wandb": {"runtime": 1896}}